{"RMSE": 0.9658266543815072, "MAE": 0.761180881116772, "r2": 0.1284562940153242}